{
  "config": {
    "variant": "noisy",
    "baseline": "tfidf",
    "k": 1,
    "random_control": false
  },
  "aggregate": {
    "variant": "noisy",
    "baseline": "tfidf",
    "schema_R1": 0.9033232628398792,
    "param_coverage": 0.7727273146457442,
    "type_match": 0.15797378184085129,
    "exact5_on_hits": 0.14408602150537628,
    "exact20_on_hits": 0.14408602150537628,
    "param_coverage_hits": 0.8193346972611193,
    "param_coverage_miss": 0.3372395833333333,
    "type_match_hits": 0.15146930364321665,
    "type_match_miss": 0.21875,
    "key_overlap": 0.9200507448241587,
    "key_overlap_hits": 0.9947443860487339,
    "key_overlap_miss": 0.22213203463203465,
    "instantiation_ready": 0.03927492447129909,
    "n": 331
  }
}