{
  "config": {
    "variant": "orig",
    "baseline": "bm25",
    "k": 1,
    "random_control": false
  },
  "aggregate": {
    "variant": "orig",
    "baseline": "bm25",
    "schema_R1": 0.8821752265861027,
    "param_coverage": 0.8663385791784585,
    "type_match": 0.8353041637784844,
    "exact5_on_hits": 0.22274035627908872,
    "exact20_on_hits": 0.2516919700018293,
    "param_coverage_hits": 0.9409522935207868,
    "param_coverage_miss": 0.3076923076923077,
    "type_match_hits": 0.9057728705845148,
    "type_match_miss": 0.3076923076923077,
    "key_overlap": 0.891610319858054,
    "key_overlap_hits": 0.9946183953033269,
    "key_overlap_miss": 0.12037037037037038,
    "instantiation_ready": 0.7613293051359517,
    "n": 331
  }
}