{
  "orig": {
    "bm25": {
      "P@1": 0.8821752265861027,
      "P@5": 0.9667673716012085,
      "MRR@10": 0.9181520644511582,
      "nDCG@10": 0.9324678185109728,
      "Coverage@10": 0.9758308157099698,
      "elapsed_s": 1.98,
      "n_queries": 331
    },
    "tfidf": {
      "P@1": 0.9093655589123867,
      "P@5": 0.9637462235649547,
      "MRR@10": 0.9333669016448473,
      "nDCG@10": 0.9451007555382869,
      "Coverage@10": 0.9818731117824774,
      "elapsed_s": 1.47,
      "n_queries": 331
    },
    "lsa": {
      "P@1": 0.8459214501510574,
      "P@5": 0.945619335347432,
      "MRR@10": 0.8904354289550664,
      "nDCG@10": 0.9111693503175791,
      "Coverage@10": 0.9758308157099698,
      "elapsed_s": 2.61,
      "n_queries": 331
    }
  },
  "noisy": {
    "bm25": {
      "P@1": 0.8912386706948641,
      "P@5": 0.972809667673716,
      "MRR@10": 0.9244712990936556,
      "nDCG@10": 0.9386105726124646,
      "Coverage@10": 0.9818731117824774,
      "elapsed_s": 1.25,
      "n_queries": 331
    },
    "tfidf": {
      "P@1": 0.9033232628398792,
      "P@5": 0.9667673716012085,
      "MRR@10": 0.9314571044933583,
      "nDCG@10": 0.9437733036083384,
      "Coverage@10": 0.9818731117824774,
      "elapsed_s": 0.26,
      "n_queries": 331
    },
    "lsa": {
      "P@1": 0.8882175226586103,
      "P@5": 0.9667673716012085,
      "MRR@10": 0.9239965472593872,
      "nDCG@10": 0.9370111456048851,
      "Coverage@10": 0.9758308157099698,
      "elapsed_s": 2.5,
      "n_queries": 331
    }
  },
  "short": {
    "bm25": {
      "P@1": 0.7673716012084593,
      "P@5": 0.879154078549849,
      "MRR@10": 0.8178007960485302,
      "nDCG@10": 0.8453969846245035,
      "Coverage@10": 0.9335347432024169,
      "elapsed_s": 0.25,
      "n_queries": 331
    },
    "tfidf": {
      "P@1": 0.7794561933534743,
      "P@5": 0.8731117824773413,
      "MRR@10": 0.8201877427708243,
      "nDCG@10": 0.8435597568338524,
      "Coverage@10": 0.918429003021148,
      "elapsed_s": 0.24,
      "n_queries": 331
    },
    "lsa": {
      "P@1": 0.7643504531722054,
      "P@5": 0.8761329305135952,
      "MRR@10": 0.8095573778353236,
      "nDCG@10": 0.8342233248453609,
      "Coverage@10": 0.9123867069486404,
      "elapsed_s": 2.51,
      "n_queries": 331
    }
  }
}