{
  "config": {
    "variant": "short",
    "baseline": "tfidf_relation_aware_ops",
    "k": 1,
    "random_control": false
  },
  "aggregate": {
    "variant": "short",
    "baseline": "tfidf_relation_aware_ops",
    "schema_R1": 0.7794561933534743,
    "param_coverage": 0.031793986476765936,
    "type_match": 0.0770392749244713,
    "exact5_on_hits": 0.25757575757575757,
    "exact20_on_hits": 0.25757575757575757,
    "param_coverage_hits": 0.0369139904023625,
    "param_coverage_miss": 0.0136986301369863,
    "type_match_hits": 0.09496124031007752,
    "type_match_miss": 0.0136986301369863,
    "key_overlap": 0.7823707511018689,
    "key_overlap_hits": 0.9977851605758583,
    "key_overlap_miss": 0.02104311213900255,
    "instantiation_ready": 0.006042296072507553,
    "n": 331
  }
}