{
  "config": {
    "variant": "orig",
    "baseline": "tfidf_semantic_ir_repair",
    "k": 1,
    "random_control": false
  },
  "aggregate": {
    "variant": "orig",
    "baseline": "tfidf_semantic_ir_repair",
    "schema_R1": 0.9063444108761329,
    "param_coverage": 0.7786856144862194,
    "type_match": 0.752861480580514,
    "exact5_on_hits": 0.24644533869885976,
    "exact20_on_hits": 0.27340050403430693,
    "param_coverage_hits": 0.8341497946497954,
    "param_coverage_miss": 0.24193548387096775,
    "type_match_hits": 0.8063238335738337,
    "type_match_miss": 0.23548387096774193,
    "key_overlap": 0.918759890663214,
    "key_overlap_hits": 0.9947619047619048,
    "key_overlap_miss": 0.18325652841781875,
    "instantiation_ready": 0.486404833836858,
    "n": 331
  }
}