{
  "config": {
    "variant": "short",
    "baseline": "tfidf_optimization_role_repair",
    "k": 1,
    "random_control": false
  },
  "aggregate": {
    "variant": "short",
    "baseline": "tfidf_optimization_role_repair",
    "schema_R1": 0.7824773413897281,
    "param_coverage": 0.03330456049489282,
    "type_match": 0.0755287009063444,
    "exact5_on_hits": 0.27941176470588236,
    "exact20_on_hits": 0.27941176470588236,
    "param_coverage_hits": 0.03870196727339584,
    "param_coverage_miss": 0.013888888888888888,
    "type_match_hits": 0.09266409266409266,
    "type_match_miss": 0.013888888888888888,
    "key_overlap": 0.7853918991381227,
    "key_overlap_hits": 0.9977937120794265,
    "key_overlap_miss": 0.021335377585377586,
    "instantiation_ready": 0.006042296072507553,
    "n": 331
  }
}