{
  "config": {
    "variant": "orig",
    "baseline": "tfidf_ambiguity_aware_full",
    "k": 1,
    "random_control": false
  },
  "aggregate": {
    "variant": "orig",
    "baseline": "tfidf_ambiguity_aware_full",
    "schema_R1": 0.9093655589123867,
    "param_coverage": 0.799421323892623,
    "type_match": 0.7086737029335217,
    "exact5_on_hits": 0.2670100756942862,
    "exact20_on_hits": 0.28783435862383233,
    "param_coverage_hits": 0.8541809242805921,
    "param_coverage_miss": 0.25,
    "type_match_hits": 0.7550531417641052,
    "type_match_miss": 0.24333333333333332,
    "key_overlap": 0.9217810386994677,
    "key_overlap_hits": 0.994779307071666,
    "key_overlap_miss": 0.18936507936507938,
    "instantiation_ready": 0.4199395770392749,
    "n": 331
  }
}