{
  "config": {
    "variant": "short",
    "baseline": "tfidf_constrained",
    "k": 1,
    "random_control": false
  },
  "aggregate": {
    "variant": "short",
    "baseline": "tfidf_constrained",
    "schema_R1": 0.7824773413897281,
    "param_coverage": 0.10648002403378272,
    "type_match": 0.2945619335347432,
    "exact5_on_hits": 0.2411003236245955,
    "exact20_on_hits": 0.2411003236245955,
    "param_coverage_hits": 0.13125439364935163,
    "param_coverage_miss": 0.017361111111111112,
    "type_match_hits": 0.3687258687258687,
    "type_match_miss": 0.027777777777777776,
    "key_overlap": 0.7853918991381227,
    "key_overlap_hits": 0.9977937120794265,
    "key_overlap_miss": 0.021335377585377586,
    "instantiation_ready": 0.015105740181268883,
    "n": 331
  }
}