{
  "config": {
    "variant": "short",
    "baseline": "tfidf",
    "k": 1,
    "random_control": false
  },
  "aggregate": {
    "variant": "short",
    "baseline": "tfidf",
    "schema_R1": 0.7794561933534743,
    "param_coverage": 0.10496945001565583,
    "type_match": 0.22860020140986906,
    "exact5_on_hits": 0.23202614379084968,
    "exact20_on_hits": 0.23202614379084968,
    "param_coverage_hits": 0.1298251471131088,
    "param_coverage_miss": 0.017123287671232876,
    "type_match_hits": 0.2855297157622739,
    "type_match_miss": 0.0273972602739726,
    "key_overlap": 0.7823707511018689,
    "key_overlap_hits": 0.9977851605758583,
    "key_overlap_miss": 0.021043112139002552,
    "instantiation_ready": 0.015105740181268883,
    "n": 331
  }
}