variant,method,Coverage,TypeMatch,Exact20_on_hits,InstReady,n,elapsed_s,source
noisy,tfidf_typed_greedy,0.7693285231049588,0.1414425872885087,0.18013888888888888,0.03927492447129909,331,0,measured
noisy,bm25_typed_greedy,0.761996353763726,0.14086713051969846,0.18165266106442574,0.04229607250755287,331,1,measured
noisy,lsa_typed_greedy,0.760087646492481,0.14153849674997707,0.18165266106442574,0.04229607250755287,331,3,measured
noisy,oracle_typed_greedy,0.8196153731741083,0.15239784552473368,0.17968369829683695,0.04229607250755287,331,0,measured
noisy,tfidf_constrained,0.41404847250768695,0.2334700043159258,0.2593390804597701,0.03625377643504532,331,1,measured
noisy,tfidf_semantic_ir_repair,0.3464710935254743,0.0,,0.0,331,1,measured
noisy,tfidf_optimization_role_repair,0.7102866586250277,0.0,,0.0,331,1,measured
noisy,tfidf_acceptance_rerank,0.731200915566475,0.1399931555520679,0.2005847953216374,0.04229607250755287,331,1,measured
noisy,tfidf_hierarchical_acceptance_rerank,0.6956065166790248,0.13799703988525736,0.21183800623052956,0.04229607250755287,331,1,measured
