variant,method,Coverage,TypeMatch,Exact20_on_hits,InstReady,n,elapsed_s,source
short,tfidf_typed_greedy,0.10648002403378272,0.24723061430010074,0.19093851132686085,0.015105740181268883,331,0,measured
short,bm25_typed_greedy,0.10622826169742823,0.2487411883182276,0.20064724919093851,0.015105740181268883,331,0,measured
short,lsa_typed_greedy,0.100504864584303,0.23212487411883184,0.20666666666666667,0.012084592145015106,331,2,measured
short,oracle_typed_greedy,0.12584545216054024,0.2880161127895267,0.21544715447154472,0.015105740181268883,331,0,measured
short,tfidf_constrained,0.10648002403378272,0.2945619335347432,0.2411003236245955,0.015105740181268883,331,0,measured
short,tfidf_semantic_ir_repair,0.03330456049489282,0.08157099697885196,0.22058823529411764,0.006042296072507553,331,0,measured
short,tfidf_optimization_role_repair,0.03330456049489282,0.0755287009063444,0.27941176470588236,0.006042296072507553,331,0,measured
short,tfidf_acceptance_rerank,0.11447873207691941,0.2542799597180262,0.22772277227722773,0.021148036253776436,331,0,measured
short,tfidf_hierarchical_acceptance_rerank,0.10769193880976362,0.24118831822759318,0.24731182795698925,0.021148036253776436,331,0,measured
