variant,method,Coverage,TypeMatch,Exact20_on_hits,InstReady,n,elapsed_s,source
orig,tfidf_typed_greedy,0.8639432403782857,0.7513401167479721,0.19907444598166257,0.525679758308157,331,0,measured
orig,bm25_typed_greedy,0.8508515988878528,0.7386225221572656,0.2057040475174279,0.5196374622356495,331,2,measured
orig,lsa_typed_greedy,0.8176189704890613,0.7028147247180484,0.20478836856574092,0.4984894259818731,331,3,measured
orig,oracle_typed_greedy,0.9151052963386356,0.8029867078205453,0.18821338383838396,0.5649546827794562,331,0,measured
orig,tfidf_constrained,0.8112038263850957,0.71134957690849,0.32926825942289883,0.4229607250755287,331,1,measured
orig,tfidf_semantic_ir_repair,0.7817067625224734,0.7548755792713499,0.2843205235310499,0.486404833836858,331,1,measured
orig,tfidf_optimization_role_repair,0.8248228609255805,0.7035700117271118,0.28474519632414397,0.44108761329305135,331,1,measured
orig,tfidf_acceptance_rerank,0.8332364094448688,0.7340308566894673,0.1993887932059976,0.5226586102719033,331,1,measured
orig,tfidf_hierarchical_acceptance_rerank,0.8120883731910924,0.7146451567901722,0.20033279553574768,0.513595166163142,331,1,measured
